dimension,krippendorff_alpha_ordinal
Clarity,0.02084100859582061
Fluency,-0.03463451106359483
Naturalness,0.01960300364088896
Structure,0.04973855670904925
