dimension,N,mean,sd
Fluency,200,4.655,0.545401055699188
Naturalness,200,3.95,0.8896388516876719
Clarity,200,4.485,0.776394838161369
Structure,200,4.54,0.6637793421577511
